DJ Shane Marcus,dj-shane-marcus,img/djs/70772810_489497088559725_2477605361335402496_n-768x769.jpg
DJ James Anthony,dj-james-anthony,img/djs/326001815_1324202388370278_7715627390907037542_n-768x768.jpg
DJ Hector Fonseca,dj-hector-fonseca,img/djs/DJ-Hector-Fonseca_A_Photo-Courtesy-of-Armando-Imagines-768x508.webp
DJ TWiN,dj-twin,img/djs/avatars-000711051949-5sp7ui-t500x5001.jpg
DJ Alex Acosta,alex-acosta,img/djs/2022_alexacosta_03-768x1136.webp
DJ Nick Stracener,dj-nick-stracener,img/djs/IMG_5807_JPG-1.jpg
DJ Abel Aguilera,dj-abel-aguilera,img/djs/KLP_7356-scaled-1-768x1187.jpg
DJ J Warren,dj-j-warren,img/djs/68993425_3029788813729259_9102532169909141504_n1-768x768.jpg
DJ Chris B,chris-barns,img/djs/barne5.jpg
Las Bibas From Vizcaya,las-bibas,img/djs/Las-Bibas-From-Vizcaya-768x768.jpg
DJ Alexis Tucci,dj-alexis-tucci,img/djs/meta_eyJzcmNCdWNrZXQiOiJiemdsZmlsZXMifQ-768x768.webp
DJ Nina Flowers,dj-nina-flowers,img/djs/10847795_885974651414659_2777129441554751207_n-768x512.jpg
DJ Brett Oosterhaus,dj-brett-oosterhaus,img/djs/BrettGlasses2-768x726.png
DJ Mike Foch,dj-mike-foch,img/djs/image11-768x1152.jpeg
DJ Jace M,dj-jace-m,img/djs/avatars-zyRz75IDZwrMFVVW-7OTa3A-t500x500.jpg
DJ Sakalem,sakalem,img/djs/217628608_1487828201556700_2757106022695052191_n-768x768.webp
DJ Chris Urban,dj-chris-urban,img/djs/56686762_2276853145705769_5555415862367748096_n-768x768.jpg
DJ Joshua Ruiz,dj-joshua-ruiz,img/djs/2-1.jpg
DJ K!RK,dj-kirk,img/djs/kirk-768x467.jpg
Superstar DJ Cindel,dj-cindel,img/djs/Cindel1-768x512.jpg
DJ Danny Kim,dj-danny-kim,img/djs/242681458_921381332066933_8878088676790102372_n-768x569.webp
DJ Guy Scheiman,guy-scheiman,img/djs/92A25681-768x614.jpg