Matthew,models/matthew,img/models/matt_pink-768x952.png
William,models/william,img/models/William_pink2-768x952.png
Paul,models/paul,img/models/paul-pink-768x952.png
Trae,models/trae,img/models/trae-768x953.png
Caleb,models/caleb,img/models/caleb_pink-768x952.png
Beta,models/beta,img/models/beta2.png
Brandon,models/brandon,img/models/brandon_pink-768x952.png
Reis,models/reis,img/models/reis_pink2-768x956.png
Ken,models/ken,img/models/ken_pink2-768x953.png
Peter,models/peter,img/models/peter_pink-768x952.png
Jesse,models/jesse,img/models/jesse_pink-768x953.png
Isaias,models/isaias,img/models/ilias_pink-768x952.png
Sidney,models/sidney,img/models/sid_pink-768x952.png